Site,Total Time,Total Requests,Total Valid Responses,Dict Requests,Dict Valid Responses,Link Requests,Link Valid Responses,Href Requests,Href Valid Responses,Service Requests,Service Valid Responses,Redirect Requests,Redirect Valid Responses,Index Requests,Index Valid Responses,Src Requests,Src Valid Responses,Script Requests,Script Valid Responses
site1,1365.50915472,86002,3626,81732.0,17.0,17.0,17.0,39.2,31.2,735.0,191.0,3.0,0.0,3359.8,3359.8,13.0,10.0,103.0,0.0
site2,1337.94436064,86728,2252,81825.0,5.0,111.0,107.0,26.0,6.0,2043.0,748.0,0.0,0.0,1374.0,1374.0,12.0,9.0,1337.0,3.0
site3,1404.0898308800001,81992,46,81807.0,4.0,5.0,5.0,3.0,1.0,115.0,3.0,0.0,0.0,25.4,25.4,15.6,7.6,21.0,0.0
site4,5428.6174966,85004,1487,81803.0,19.0,869.0,704.2,5.0,0.0,2104.0,761.0,0.0,0.0,0.0,0.0,0.0,0.0,223.0,3.0
site5,1466.82530228,81955,6,81894.0,2.0,0.0,0.0,3.0,3.0,52.0,0.0,0.0,0.0,0.0,0.0,1.0,1.0,5.0,0.0
site6,1436.3062194000001,81902,0,81902.0,0.0,0.0,0.0,0.0,0.0,0.0,0.0,0.0,0.0,0.0,0.0,0.0,0.0,0.0,0.0
site7,1427.61125674,81961,12,81870.0,2.0,0.0,0.0,4.0,4.0,69.0,1.0,1.0,1.0,0.0,0.0,3.0,3.0,14.0,1.0
site8,1540.80243002,82481,77,81885.0,11.0,0.0,0.0,55.0,54.0,526.0,0.0,5.0,3.0,0.0,0.0,10.0,9.0,0.0,0.0
site9,1479.0154942200002,87305,486,81833.0,18.0,5.2,5.2,77.0,70.0,5348.0,354.0,14.8,13.8,0.0,0.0,25.0,25.0,2.0,0.0
