Site,Total Time,Total Requests,Total Valid Responses,Dict Requests,Dict Valid Responses,Link Requests,Link Valid Responses,Href Requests,Href Valid Responses,Service Requests,Service Valid Responses,Redirect Requests,Redirect Valid Responses,Index Requests,Index Valid Responses,Src Requests,Src Valid Responses,Script Requests,Script Valid Responses
site1,68.81939104799999,10078,2667,6829.68,27.72,16.0,16.0,38.0,30.0,668.92,184.28,3.0,0.0,2400.0,2400.0,12.0,9.0,110.4,0.0
site2,57.547804660000004,11708,2252,6837.12,19.32,97.04,93.04,20.0,0.0,2020.64,753.12,0.0,0.0,1376.52,1376.52,11.0,8.0,1345.68,2.0
site3,77.40161415200001,7022,61,6843.8,6.96,6.0,6.0,3.0,1.0,94.28,2.04,0.0,0.0,35.0,35.0,18.0,10.0,21.92,0.0
site4,630.632883596,9900,1464,6857.0,25.0,856.8,688.6,5.0,0.0,1958.8,747.8,0.2,0.2,0.0,0.0,0.0,0.0,222.8,3.0
site5,81.172316904,6907,4,6856.76,2.76,0.0,0.0,1.0,1.0,44.12,0.12,0.0,0.0,0.0,0.0,0.12,0.12,5.0,0.0
site6,82.23009330400002,6901,1,6856.84,1.0,0.0,0.0,0.0,0.0,44.16,0.0,0.0,0.0,0.0,0.0,0.0,0.0,0.0,0.0
site7,77.08923055600002,6916,12,6854.6,3.8,0.0,0.0,3.0,3.0,44.24,0.24,1.0,1.0,0.0,0.0,2.96,2.96,10.2,1.0
site8,82.411312052,7461,75,6848.04,10.0,0.0,0.0,55.0,54.0,542.96,0.0,5.0,2.0,0.0,0.0,10.0,9.0,0.0,0.0
site9,116.139102776,12271,485,6853.32,22.92,4.48,4.48,76.0,69.96,5295.68,350.08,14.52,13.52,0.0,0.0,25.0,25.0,2.0,0.0
